,Link
0,amazon.eg
1,https://www.amazon.eg
2,amazon+com
3,
4,
5,
6,amazon.eg
7,Amazon.com. Spend less. Smile more.
8,Amazon.com
9,https://www.amazon.com
10,
11,
12,Free shipping on millions of items. Get the best of Shopping and Entertainment with Prime. Enjoy low prices and great deals on the largest selection of ...
13,Amazon Prime
14,If you haven't been an Amazon Prime member in the last 12 ...
15,Books
16,Online shopping from a great selection at Books Store.
17,Amazon
18,Free shipping on millions of items. Get the best of Shopping and ...
19,Prime Video
20,"Watch now on Prime Video for a wide selection of movies, TV ..."
21,Deals
22,Can't miss offers · Stocking stuffersStocking stuffers · 10 ...
23,amazon.com
